{
  "drive": {
    "p": 0.0020645,
    "i": 0,
    "d": 0,
    "f": 0,
    "iz": 0
  },
"angle": {
    "p": 0.0115,
    "i": 0.000000,
    "d": 0.000003000,
    "f": 0,
    "iz": 0
}
}